{
    "cad_model": {
        "pan_scale": 1.0,
        "rx_camera": -0.00860790797852936,
        "rx_ptu": -0.019539973166800815,
        "ry_camera": -0.017434805882910527,
        "ry_ptu": 1.4792586522456974,
        "rz_camera": 0.009310836817757455,
        "rz_offset": 0.0,
        "rz_ptu": -0.012860886963674281,
        "tilt_scale": 1.0,
        "x_camera": 0.039035315085912334,
        "x_ptu": 0.34361827490427815,
        "y_camera": 0.016091890225368107,
        "y_ptu": 0.23504123264601862,
        "z_camera": -0.0067048891106369305,
        "z_offset": 0.0,
        "z_ptu": 1.0995215362376891
    }
}
