{
    "cad_model": {
        "pan_scale": 1.0,
        "rx_camera": 0.004751477919054355,
        "rx_ptu": 0.10659788463590618,
        "ry_camera": -0.00484145901799368,
        "ry_ptu": -0.19680047521892396,
        "rz_camera": 0.011325573216561023,
        "rz_offset": 0.0,
        "rz_ptu": 0.020652404958008238,
        "tilt_scale": 1.0,
        "x_camera": 0.029618491451961056,
        "x_ptu": -1.0710421406971125,
        "y_camera": 0.022061528718126448,
        "y_ptu": 0.14608229377331172,
        "z_camera": -0.0077577038770257544,
        "z_offset": 0.0,
        "z_ptu": 0.13768435497964868
    }
}
